<?xml version="1.0" encoding="UTF-8"?>
<!DOCTYPE hibernate-configuration PUBLIC
	"-//Hibernate/Hibernate Configuration DTD 3.0//EN"
	"http://hibernate.sourceforge.net/hibernate-configuration-3.0.dtd">
<hibernate-configuration>
	<session-factory>
		<!-- connection properties -->
		<property name="hibernate.connection.driver_class">oracle.jdbc.driver.OracleDriver</property>
		<property name="hibernate.connection.url">jdbc:oracle:thin:@localhost:1521:xe</property>
		<property name="hibernate.connection.username">system</property>
		<property name="hibernate.connection.password">manager</property>

		<!-- connection pooling -->
        <property name="connection.provider_class ">org.connection.C3P0ConnectionProvider</property>
        <property name="c3p0.min_size">5</property>
        <property name="c3p0.max_size">10</property>
		
		<!-- print sql queries on console -->
		<property name="hibernate.show_sql">true</property>
		<property name="hibernate.format_sql">true</property>
		<property name="hibernate.use_sql_comments">true</property>

		<property name="hibernate.hbm2ddl.auto">create</property>
		
		<mapping resource="Student.hbm.xml"/>
	</session-factory>
</hibernate-configuration>

